{
    "accuracy": 0.7797045600513809,
    "precision": 0.7737321196358907,
    "recall": 0.7787958115183246,
    "auc": 0.8664583099502849
}